{
  "hash": "5c6acadb",
  "configHash": "9773fdb7",
  "lockfileHash": "176cd491",
  "browserHash": "96979419",
  "optimized": {
    "@angular/common/http": {
      "src": "../../../../../node_modules/@angular/common/fesm2022/http.mjs",
      "file": "@angular_common_http.js",
      "fileHash": "c598dbcb",
      "needsInterop": false
    },
    "@angular/core": {
      "src": "../../../../../node_modules/@angular/core/fesm2022/core.mjs",
      "file": "@angular_core.js",
      "fileHash": "a0d01ed6",
      "needsInterop": false
    },
    "@angular/platform-browser": {
      "src": "../../../../../node_modules/@angular/platform-browser/fesm2022/platform-browser.mjs",
      "file": "@angular_platform-browser.js",
      "fileHash": "ef48ea51",
      "needsInterop": false
    },
    "@angular/router": {
      "src": "../../../../../node_modules/@angular/router/fesm2022/router.mjs",
      "file": "@angular_router.js",
      "fileHash": "57566ccd",
      "needsInterop": false
    }
  },
  "chunks": {
    "chunk-AOJRXMS5": {
      "file": "chunk-AOJRXMS5.js"
    },
    "chunk-4VBLVGXT": {
      "file": "chunk-4VBLVGXT.js"
    },
    "chunk-IJZMKCHK": {
      "file": "chunk-IJZMKCHK.js"
    }
  }
}